"","AGB_Change","Plot","PercentRemoved"
"ACDG_P015.V11",-39366.2370125318,"ACDG_P015",25
"ACDG_P015.V12",-73896.5919099291,"ACDG_P015",50
"ACDG_P015.V13",-95671.3210929025,"ACDG_P015",100
"ACDG_P016.V11",5119.30901752599,"ACDG_P016",25
"ACDG_P016.V12",-13567.965833658,"ACDG_P016",50
"ACDG_P016.V13",-13345.3915911919,"ACDG_P016",100
"ACDG_P041.V11",1338.32265928999,"ACDG_P041",25
"ACDG_P041.V12",-2139.57393307629,"ACDG_P041",50
"ACDG_P041.V13",20904.2830140842,"ACDG_P041",100
"ACDG_P052.V11",-7192.48176230269,"ACDG_P052",25
"ACDG_P052.V12",74431.9355492562,"ACDG_P052",50
"ACDG_P052.V13",44182.7968182447,"ACDG_P052",100
"ACDG_P053.V11",12047.4326444228,"ACDG_P053",25
"ACDG_P053.V12",1227.4508605033,"ACDG_P053",50
"ACDG_P053.V13",19951.0895813574,"ACDG_P053",100
"ACDG_P055.V11",-8629.97044101922,"ACDG_P055",25
"ACDG_P055.V12",-15148.6364999473,"ACDG_P055",50
"ACDG_P055.V13",-58523.3279120809,"ACDG_P055",100
"NRI_P001.V11",-34096.0443747672,"NRI_P001",25
"NRI_P001.V12",23519.1031298576,"NRI_P001",50
"NRI_P001.V13",-31377.7522700996,"NRI_P001",100
"NRI_P002.V11",70155.0372768168,"NRI_P002",25
"NRI_P002.V12",23207.6792585998,"NRI_P002",50
"NRI_P002.V13",13542.2643280486,"NRI_P002",100
"NRI_P003.V11",53092.1727381687,"NRI_P003",25
"NRI_P003.V12",85372.2134004154,"NRI_P003",50
"NRI_P003.V13",112969.932924561,"NRI_P003",100
"NRI_P006.V11",-105.30663212153,"NRI_P006",25
"NRI_P006.V12",29837.1895196905,"NRI_P006",50
"NRI_P006.V13",-15027.1556078972,"NRI_P006",100
"NRI_P008.V11",-3877.53341063007,"NRI_P008",25
"NRI_P008.V12",6621.06226978969,"NRI_P008",50
"NRI_P008.V13",-67292.7080361256,"NRI_P008",100
"NRI_P010.V11",-720.330406553636,"NRI_P010",25
"NRI_P010.V12",-13920.2236418567,"NRI_P010",50
"NRI_P010.V13",-51048.6068216007,"NRI_P010",100
"NRI_P012.V11",-10196.5992002964,"NRI_P012",25
"NRI_P012.V12",-5786.43739802815,"NRI_P012",50
"NRI_P012.V13",-4645.36796226335,"NRI_P012",100
"NRI_P014.V11",-33263.222127401,"NRI_P014",25
"NRI_P014.V12",-26431.5389715502,"NRI_P014",50
"NRI_P014.V13",-145666.115045016,"NRI_P014",100
"NRI_P015.V11",7759.43318301931,"NRI_P015",25
"NRI_P015.V12",9662.48264006608,"NRI_P015",50
"NRI_P015.V13",17913.9164329397,"NRI_P015",100
"NRI_P016.V11",-16117.9093584443,"NRI_P016",25
"NRI_P016.V12",3018.76906508516,"NRI_P016",50
"NRI_P016.V13",12491.571213397,"NRI_P016",100
"NRI_P017.V11",-25936.7522619527,"NRI_P017",25
"NRI_P017.V12",20779.7419465883,"NRI_P017",50
"NRI_P017.V13",-166760.025843387,"NRI_P017",100
"NRI_P018.V11",-20615.0781422242,"NRI_P018",25
"NRI_P018.V12",-25628.6922200226,"NRI_P018",50
"NRI_P018.V13",-13445.3201942163,"NRI_P018",100
"NRI_P020.V11",-3448.15973500756,"NRI_P020",25
"NRI_P020.V12",14515.3711053851,"NRI_P020",50
"NRI_P020.V13",30267.707188486,"NRI_P020",100
"NRI_P021.V11",-20972.9917358169,"NRI_P021",25
"NRI_P021.V12",-6443.5832213824,"NRI_P021",50
"NRI_P021.V13",-40284.8214989326,"NRI_P021",100
"NRI_P022.V11",-26559.5995667522,"NRI_P022",25
"NRI_P022.V12",-87132.5815339575,"NRI_P022",50
"NRI_P022.V13",-93205.3404949716,"NRI_P022",100
"NRI_P023.V11",-38728.0550524861,"NRI_P023",25
"NRI_P023.V12",15354.3892222077,"NRI_P023",50
"NRI_P023.V13",3626.45059178566,"NRI_P023",100
"NRI_P024.V11",-28669.3686663118,"NRI_P024",25
"NRI_P024.V12",-19471.469232726,"NRI_P024",50
"NRI_P024.V13",-92727.918000052,"NRI_P024",100
"NRI_P025.V11",-9060.69295641273,"NRI_P025",25
"NRI_P025.V12",33985.8380766421,"NRI_P025",50
"NRI_P025.V13",-25959.9995510796,"NRI_P025",100
"NRI_P027.V11",-2186.83750834182,"NRI_P027",25
"NRI_P027.V12",-42823.2365171588,"NRI_P027",50
"NRI_P027.V13",-12980.8148174845,"NRI_P027",100
"NRI_P028.V11",-8785.46340058578,"NRI_P028",25
"NRI_P028.V12",-14228.0771642546,"NRI_P028",50
"NRI_P028.V13",-37131.4612117931,"NRI_P028",100
"NRI_P029.V11",35453.8341878468,"NRI_P029",25
"NRI_P029.V12",-64096.2350043182,"NRI_P029",50
"NRI_P029.V13",-119574.250700775,"NRI_P029",100
"NRI_P030.V11",-10777.2991644515,"NRI_P030",25
"NRI_P030.V12",4477.23988600395,"NRI_P030",50
"NRI_P030.V13",-88962.87720651,"NRI_P030",100
"NRI_P031.V11",-7026.52997937344,"NRI_P031",25
"NRI_P031.V12",-82366.1711480531,"NRI_P031",50
"NRI_P031.V13",-161436.075166329,"NRI_P031",100
"NRI_P032.V11",-4441.36107253091,"NRI_P032",25
"NRI_P032.V12",-32004.920996503,"NRI_P032",50
"NRI_P032.V13",-59526.1319922937,"NRI_P032",100
"NRI_P033.V11",-17448.0932559031,"NRI_P033",25
"NRI_P033.V12",-76163.0855124829,"NRI_P033",50
"NRI_P033.V13",-184496.227322176,"NRI_P033",100
"NRI_P034.V11",7073.08930775325,"NRI_P034",25
"NRI_P034.V12",-49972.7759288659,"NRI_P034",50
"NRI_P034.V13",-38925.0666044353,"NRI_P034",100
"NRI_P035.V11",-49078.2101410938,"NRI_P035",25
"NRI_P035.V12",-86766.2356607759,"NRI_P035",50
"NRI_P035.V13",-133713.024106029,"NRI_P035",100
"NRI_P036.V11",-357.445633584401,"NRI_P036",25
"NRI_P036.V12",-20807.2712978576,"NRI_P036",50
"NRI_P036.V13",-17697.7961865684,"NRI_P036",100
"NRI_P037.V11",-5954.4296958081,"NRI_P037",25
"NRI_P037.V12",-25409.7428507842,"NRI_P037",50
"NRI_P037.V13",-30600.4871334086,"NRI_P037",100
"NRI_P038.V11",-12547.5796099528,"NRI_P038",25
"NRI_P038.V12",19836.8266493367,"NRI_P038",50
"NRI_P038.V13",21938.6014320112,"NRI_P038",100
"NRI_P039.V11",1637.24448526488,"NRI_P039",25
"NRI_P039.V12",1774.91917736601,"NRI_P039",50
"NRI_P039.V13",-18352.975276287,"NRI_P039",100
"NRI_P040.V11",8106.54423657234,"NRI_P040",25
"NRI_P040.V12",2487.84054602211,"NRI_P040",50
"NRI_P040.V13",24487.4755388834,"NRI_P040",100
"NRI_P041.V11",2215.30889234628,"NRI_P041",25
"NRI_P041.V12",40019.6193041129,"NRI_P041",50
"NRI_P041.V13",7559.89821382548,"NRI_P041",100
"NRI_P042.V11",1196.30641836766,"NRI_P042",25
"NRI_P042.V12",1551.52962950279,"NRI_P042",50
"NRI_P042.V13",-6963.92386594065,"NRI_P042",100
"NRI_P046.V11",-6896.02938694053,"NRI_P046",25
"NRI_P046.V12",-31400.2919391526,"NRI_P046",50
"NRI_P046.V13",-32745.2175516448,"NRI_P046",100
"NRI_P047.V11",-32482.6600730063,"NRI_P047",25
"NRI_P047.V12",-5641.73852960212,"NRI_P047",50
"NRI_P047.V13",-52472.8428677124,"NRI_P047",100
"NRI_P048.V11",10918.7287627648,"NRI_P048",25
"NRI_P048.V12",-17060.4111763689,"NRI_P048",50
"NRI_P048.V13",114584.248738891,"NRI_P048",100
"NRI_P049.V11",-15202.0964594827,"NRI_P049",25
"NRI_P049.V12",-12651.5119448024,"NRI_P049",50
"NRI_P049.V13",-55307.965990716,"NRI_P049",100
"NRI_P050.V11",757.050620899303,"NRI_P050",25
"NRI_P050.V12",-14027.5010943308,"NRI_P050",50
"NRI_P050.V13",-1436.79326263099,"NRI_P050",100
"NRI_P051.V11",10777.4341643038,"NRI_P051",25
"NRI_P051.V12",-1404.80762037777,"NRI_P051",50
"NRI_P051.V13",-23948.2260650877,"NRI_P051",100
"NRI_P052.V11",155.707426784676,"NRI_P052",25
"NRI_P052.V12",-11066.1505535578,"NRI_P052",50
"NRI_P052.V13",-22684.7445348756,"NRI_P052",100
"NRI_P053.V11",-1805.95987158152,"NRI_P053",25
"NRI_P053.V12",-19899.0888279373,"NRI_P053",50
"NRI_P053.V13",-46659.3414361635,"NRI_P053",100
"NRI_P056.V11",48723.6492287697,"NRI_P056",25
"NRI_P056.V12",56832.4397123623,"NRI_P056",50
"NRI_P056.V13",111710.084456855,"NRI_P056",100
"NRI_P057.V11",-12559.6538961574,"NRI_P057",25
"NRI_P057.V12",-26159.1771295109,"NRI_P057",50
"NRI_P057.V13",-34813.5256601295,"NRI_P057",100
"NRI_P058.V11",-15051.0341283211,"NRI_P058",25
"NRI_P058.V12",-46786.3338817517,"NRI_P058",50
"NRI_P058.V13",-80717.2832679693,"NRI_P058",100
"NRI_P059.V11",1861.61378577002,"NRI_P059",25
"NRI_P059.V12",16643.967629334,"NRI_P059",50
"NRI_P059.V13",32056.2169348716,"NRI_P059",100
"NRI_P061.V11",-29633.6712085259,"NRI_P061",25
"NRI_P061.V12",-55802.5202864168,"NRI_P061",50
"NRI_P061.V13",-102714.968267046,"NRI_P061",100
"NRI_P062.V11",-3221.8318867507,"NRI_P062",25
"NRI_P062.V12",42330.6913849746,"NRI_P062",50
"NRI_P062.V13",-1337.46017432649,"NRI_P062",100
"NRI_P063.V11",-20780.9960894618,"NRI_P063",25
"NRI_P063.V12",-34286.2742793811,"NRI_P063",50
"NRI_P063.V13",-19447.1772794583,"NRI_P063",100
"NRI_P066.V11",-4.78104626043933,"NRI_P066",25
"NRI_P066.V12",65.1445130296779,"NRI_P066",50
"NRI_P066.V13",715.193458759342,"NRI_P066",100
"NRI_P067.V11",4108.09779183869,"NRI_P067",25
"NRI_P067.V12",56111.3754131825,"NRI_P067",50
"NRI_P067.V13",46327.4260963824,"NRI_P067",100
"NRI_P068.V11",-9525.71278160615,"NRI_P068",25
"NRI_P068.V12",63370.3381446619,"NRI_P068",50
"NRI_P068.V13",23294.5034114248,"NRI_P068",100
"NRI_P069.V11",1577.06011501087,"NRI_P069",25
"NRI_P069.V12",-4884.95048170642,"NRI_P069",50
"NRI_P069.V13",-4127.22700517537,"NRI_P069",100
"NRI_P070.V11",-1554.03115528176,"NRI_P070",25
"NRI_P070.V12",1565.64697384948,"NRI_P070",50
"NRI_P070.V13",-8647.11266292224,"NRI_P070",100
"NRI_P071.V11",10655.6709224684,"NRI_P071",25
"NRI_P071.V12",-927.043055389018,"NRI_P071",50
"NRI_P071.V13",12647.0105407956,"NRI_P071",100
"NRI_P072.V11",-3818.50837626404,"NRI_P072",25
"NRI_P072.V12",2381.68629122241,"NRI_P072",50
"NRI_P072.V13",-2654.91096277155,"NRI_P072",100
"NRI_P073.V11",6327.50642566397,"NRI_P073",25
"NRI_P073.V12",36905.0909970182,"NRI_P073",50
"NRI_P073.V13",39851.5294134113,"NRI_P073",100
"NRI_P074.V11",-6763.15517298324,"NRI_P074",25
"NRI_P074.V12",-22202.1269180001,"NRI_P074",50
"NRI_P074.V13",-165333.626531704,"NRI_P074",100
"NRI_P075.V11",-10053.3777370828,"NRI_P075",25
"NRI_P075.V12",-66229.1596156366,"NRI_P075",50
"NRI_P075.V13",-106593.307965709,"NRI_P075",100
"NRI_P076.V11",25885.9156875332,"NRI_P076",25
"NRI_P076.V12",15989.1877216871,"NRI_P076",50
"NRI_P076.V13",56179.5392959047,"NRI_P076",100
"NRI_P077.V11",-7772.45784345272,"NRI_P077",25
"NRI_P077.V12",-15722.8371126644,"NRI_P077",50
"NRI_P077.V13",-37521.1464592202,"NRI_P077",100
"NRI_P078.V11",3834.17727130611,"NRI_P078",25
"NRI_P078.V12",5102.02922057017,"NRI_P078",50
"NRI_P078.V13",-19089.0821864323,"NRI_P078",100
"NRI_P080.V11",-51902.2963601931,"NRI_P080",25
"NRI_P080.V12",-106854.012390414,"NRI_P080",50
"NRI_P080.V13",-152401.682842796,"NRI_P080",100
"NRI_P081.V11",-34944.3365043682,"NRI_P081",25
"NRI_P081.V12",-31357.212568042,"NRI_P081",50
"NRI_P081.V13",-87519.2945474757,"NRI_P081",100
"NRI_P082.V11",-5716.28480408178,"NRI_P082",25
"NRI_P082.V12",-9210.09501655342,"NRI_P082",50
"NRI_P082.V13",-12670.7319511591,"NRI_P082",100
"NRI_P083.V11",-17898.5420365474,"NRI_P083",25
"NRI_P083.V12",-61599.4134250888,"NRI_P083",50
"NRI_P083.V13",-75238.3090458196,"NRI_P083",100
"NRI_P084.V11",6531.84622759256,"NRI_P084",25
"NRI_P084.V12",-35595.4989036505,"NRI_P084",50
"NRI_P084.V13",-51255.0212368526,"NRI_P084",100
"NRI_P085.V11",-7931.16307061026,"NRI_P085",25
"NRI_P085.V12",-8835.17088619765,"NRI_P085",50
"NRI_P085.V13",-40407.5086558487,"NRI_P085",100
"NRI_P086.V11",-28940.7952198689,"NRI_P086",25
"NRI_P086.V12",-46644.7277307481,"NRI_P086",50
"NRI_P086.V13",-45588.6111071408,"NRI_P086",100
"NRI_P087.V11",-8226.82198225113,"NRI_P087",25
"NRI_P087.V12",-12383.0631359787,"NRI_P087",50
"NRI_P087.V13",-55490.4007145756,"NRI_P087",100
"NRI_P089.V11",32107.5170698528,"NRI_P089",25
"NRI_P089.V12",53539.5057610167,"NRI_P089",50
"NRI_P089.V13",169367.551667425,"NRI_P089",100
"NRI_P090.V11",-4505.86428361892,"NRI_P090",25
"NRI_P090.V12",-21387.6963334391,"NRI_P090",50
"NRI_P090.V13",3413.92054912524,"NRI_P090",100
"NRI_P091.V11",734.939936998475,"NRI_P091",25
"NRI_P091.V12",-11132.760233213,"NRI_P091",50
"NRI_P091.V13",-8246.61308721232,"NRI_P091",100
"NRI_P092.V11",-1052.44141278666,"NRI_P092",25
"NRI_P092.V12",26326.2579983832,"NRI_P092",50
"NRI_P092.V13",10415.1613249007,"NRI_P092",100
"NRI_P093.V11",7789.72272693232,"NRI_P093",25
"NRI_P093.V12",12267.6550360567,"NRI_P093",50
"NRI_P093.V13",35231.4143421435,"NRI_P093",100
"NRI_P094.V11",-27284.913906036,"NRI_P094",25
"NRI_P094.V12",58014.6614457314,"NRI_P094",50
"NRI_P094.V13",-39328.2650871296,"NRI_P094",100
"NRI_P098.V11",32709.1048875939,"NRI_P098",25
"NRI_P098.V12",36765.5615556867,"NRI_P098",50
"NRI_P098.V13",67742.3940025301,"NRI_P098",100
"NRI_P099.V11",-4239.10920687136,"NRI_P099",25
"NRI_P099.V12",-22988.4738644603,"NRI_P099",50
"NRI_P099.V13",-14694.713181785,"NRI_P099",100
"NRI_P100.V11",-14959.2427652553,"NRI_P100",25
"NRI_P100.V12",-40249.6633226551,"NRI_P100",50
"NRI_P100.V13",-73625.6087487857,"NRI_P100",100
"NRI_P101.V11",13879.7270685139,"NRI_P101",25
"NRI_P101.V12",-11614.9072270403,"NRI_P101",50
"NRI_P101.V13",-3861.34416989813,"NRI_P101",100
"NRI_P103.V11",-53355.1884989032,"NRI_P103",25
"NRI_P103.V12",-12365.8184984298,"NRI_P103",50
"NRI_P103.V13",-106387.84602839,"NRI_P103",100
"NRI_P104.V11",-19324.1472203117,"NRI_P104",25
"NRI_P104.V12",12701.0869486689,"NRI_P104",50
"NRI_P104.V13",8556.70379281818,"NRI_P104",100
"NRI_P105.V11",-27278.3090772799,"NRI_P105",25
"NRI_P105.V12",-7271.91774550104,"NRI_P105",50
"NRI_P105.V13",-11321.7945165589,"NRI_P105",100
"NRI_P106.V11",15407.8279149435,"NRI_P106",25
"NRI_P106.V12",36309.150897921,"NRI_P106",50
"NRI_P106.V13",-64396.6268397652,"NRI_P106",100
"NRI_P107.V11",26147.5523983385,"NRI_P107",25
"NRI_P107.V12",-29279.4941895432,"NRI_P107",50
"NRI_P107.V13",6672.59381375922,"NRI_P107",100
"NRI_P108.V11",11994.8547157075,"NRI_P108",25
"NRI_P108.V12",12507.9753904028,"NRI_P108",50
"NRI_P108.V13",92482.2435125627,"NRI_P108",100
"NRI_P109.V11",57719.1499080928,"NRI_P109",25
"NRI_P109.V12",41886.5809594615,"NRI_P109",50
"NRI_P109.V13",-12130.1729016784,"NRI_P109",100
"NRI_P110.V11",-8271.11917136481,"NRI_P110",25
"NRI_P110.V12",-6072.64022196905,"NRI_P110",50
"NRI_P110.V13",-31451.1311300726,"NRI_P110",100
"NRI_P113.V11",35505.0347475544,"NRI_P113",25
"NRI_P113.V12",28123.0789114676,"NRI_P113",50
"NRI_P113.V13",40103.7952893944,"NRI_P113",100
"NRI_P114.V11",-41637.8156474361,"NRI_P114",25
"NRI_P114.V12",-95945.1812701019,"NRI_P114",50
"NRI_P114.V13",-191101.614977009,"NRI_P114",100
"NRI_P115.V11",-5970.48871012538,"NRI_P115",25
"NRI_P115.V12",7896.28940515086,"NRI_P115",50
"NRI_P115.V13",21386.4157745171,"NRI_P115",100
"NRI_P118.V11",6041.17546083522,"NRI_P118",25
"NRI_P118.V12",-37788.3379989218,"NRI_P118",50
"NRI_P118.V13",-97862.6757092708,"NRI_P118",100
"NRI_P119.V11",-26371.1473557462,"NRI_P119",25
"NRI_P119.V12",21822.1369502838,"NRI_P119",50
"NRI_P119.V13",22713.8419790243,"NRI_P119",100
"NRI_P120.V11",-14879.9420577604,"NRI_P120",25
"NRI_P120.V12",-58931.0162814715,"NRI_P120",50
"NRI_P120.V13",-126853.071544685,"NRI_P120",100
"NRI_P122.V11",5523.95193637349,"NRI_P122",25
"NRI_P122.V12",-34681.33397151,"NRI_P122",50
"NRI_P122.V13",-53165.8453905048,"NRI_P122",100
"NRI_P123.V11",42584.1162241446,"NRI_P123",25
"NRI_P123.V12",-66416.3487678771,"NRI_P123",50
"NRI_P123.V13",72738.6906875284,"NRI_P123",100
"NRI_P124.V11",12400.8878269823,"NRI_P124",25
"NRI_P124.V12",19371.2529142542,"NRI_P124",50
"NRI_P124.V13",31257.3841138814,"NRI_P124",100
"NRI_P125.V11",-2148.75528603873,"NRI_P125",25
"NRI_P125.V12",-28356.5219898452,"NRI_P125",50
"NRI_P125.V13",-51388.4842828421,"NRI_P125",100
"NRI_P126.V11",-19964.9142853776,"NRI_P126",25
"NRI_P126.V12",3079.38189872319,"NRI_P126",50
"NRI_P126.V13",-44277.1431494988,"NRI_P126",100
"NRI_P127.V11",-1172.82834412181,"NRI_P127",25
"NRI_P127.V12",1314.11488671761,"NRI_P127",50
"NRI_P127.V13",-13272.1829575487,"NRI_P127",100
"NRI_P128.V11",38472.448094376,"NRI_P128",25
"NRI_P128.V12",25767.0663495136,"NRI_P128",50
"NRI_P128.V13",41366.0730906643,"NRI_P128",100
"NRI_P129.V11",11161.7663760394,"NRI_P129",25
"NRI_P129.V12",36248.1159417806,"NRI_P129",50
"NRI_P129.V13",53857.9342772401,"NRI_P129",100
"NRI_P130.V11",-3862.37599056045,"NRI_P130",25
"NRI_P130.V12",-16344.7164166849,"NRI_P130",50
"NRI_P130.V13",-11913.6755175862,"NRI_P130",100
"NRI_P131.V11",-2978.56516754426,"NRI_P131",25
"NRI_P131.V12",-496.168412032712,"NRI_P131",50
"NRI_P131.V13",-4986.09565115029,"NRI_P131",100
"NRI_P133.V11",-14293.3003859246,"NRI_P133",25
"NRI_P133.V12",-28811.3709966132,"NRI_P133",50
"NRI_P133.V13",-54307.9858009606,"NRI_P133",100
"NRI_P134.V11",-7032.16143788287,"NRI_P134",25
"NRI_P134.V12",-48225.4647413526,"NRI_P134",50
"NRI_P134.V13",-70983.0402258182,"NRI_P134",100
"NRI_P135.V11",3819.4917831099,"NRI_P135",25
"NRI_P135.V12",-34221.9511535764,"NRI_P135",50
"NRI_P135.V13",-73857.2708171772,"NRI_P135",100
"NRI_P136.V11",19008.2644210241,"NRI_P136",25
"NRI_P136.V12",-5891.94567480026,"NRI_P136",50
"NRI_P136.V13",-26094.4847736966,"NRI_P136",100
"NRI_P137.V11",-21913.2952229868,"NRI_P137",25
"NRI_P137.V12",-22688.9325622954,"NRI_P137",50
"NRI_P137.V13",-61258.3901182707,"NRI_P137",100
"NRI_P138.V11",-500.771169053914,"NRI_P138",25
"NRI_P138.V12",-22701.3329346984,"NRI_P138",50
"NRI_P138.V13",-73414.5920218227,"NRI_P138",100
"NRI_P139.V11",-20217.3361014216,"NRI_P139",25
"NRI_P139.V12",-92096.3361038344,"NRI_P139",50
"NRI_P139.V13",-163070.553876687,"NRI_P139",100
"NRI_P140.V11",1396.57249344894,"NRI_P140",25
"NRI_P140.V12",-13.4915161491663,"NRI_P140",50
"NRI_P140.V13",915.821045452991,"NRI_P140",100
"NRI_P141.V11",11167.1333741025,"NRI_P141",25
"NRI_P141.V12",-5424.85825157713,"NRI_P141",50
"NRI_P141.V13",-12678.2918177074,"NRI_P141",100
"NRI_P142.V11",7484.59940558823,"NRI_P142",25
"NRI_P142.V12",-24232.4741931297,"NRI_P142",50
"NRI_P142.V13",-63597.3999470809,"NRI_P142",100
"NRI_P143.V11",-4809.51378153707,"NRI_P143",25
"NRI_P143.V12",-26374.8556397931,"NRI_P143",50
"NRI_P143.V13",-18325.0389316828,"NRI_P143",100
"NRI_P144.V11",-12027.4615806224,"NRI_P144",25
"NRI_P144.V12",-48062.4313209855,"NRI_P144",50
"NRI_P144.V13",-55119.0561908253,"NRI_P144",100
"NRI_P145.V11",-18937.4648439369,"NRI_P145",25
"NRI_P145.V12",-28373.4454544768,"NRI_P145",50
"NRI_P145.V13",-43189.1917750517,"NRI_P145",100
"NRI_P146.V11",-20931.8682177181,"NRI_P146",25
"NRI_P146.V12",16322.3175269788,"NRI_P146",50
"NRI_P146.V13",-35649.6629084611,"NRI_P146",100
"NRI_P147.V11",-1094.54522469745,"NRI_P147",25
"NRI_P147.V12",-28579.8287924188,"NRI_P147",50
"NRI_P147.V13",-17047.5600961053,"NRI_P147",100
"NRI_P148.V11",40580.4065133972,"NRI_P148",25
"NRI_P148.V12",27715.4366157022,"NRI_P148",50
"NRI_P148.V13",-27572.6035268569,"NRI_P148",100
"NRI_P149.V11",-2805.24979724568,"NRI_P149",25
"NRI_P149.V12",-2549.29591219046,"NRI_P149",50
"NRI_P149.V13",-7594.63330559568,"NRI_P149",100
"NRI_P150.V11",2367.80487872126,"NRI_P150",25
"NRI_P150.V12",-5401.16937614149,"NRI_P150",50
"NRI_P150.V13",6839.8624773459,"NRI_P150",100
"NRI_P151.V11",-17503.1101661958,"NRI_P151",25
"NRI_P151.V12",-21640.7023990887,"NRI_P151",50
"NRI_P151.V13",-115623.615812567,"NRI_P151",100
"NRI_P152.V11",-13672.3947067012,"NRI_P152",25
"NRI_P152.V12",-105747.202518949,"NRI_P152",50
"NRI_P152.V13",-77041.1061290115,"NRI_P152",100
"NRI_P153.V11",2813.09599136654,"NRI_P153",25
"NRI_P153.V12",13541.3449881758,"NRI_P153",50
"NRI_P153.V13",-7333.50211587583,"NRI_P153",100
"NRI_P154.V11",-4243.12883911002,"NRI_P154",25
"NRI_P154.V12",-13396.8444347209,"NRI_P154",50
"NRI_P154.V13",75068.5065511127,"NRI_P154",100
"NRI_P156.V11",25937.8474008688,"NRI_P156",25
"NRI_P156.V12",38417.1314695915,"NRI_P156",50
"NRI_P156.V13",54710.904124813,"NRI_P156",100
"NRI_P157.V11",-52909.7772548205,"NRI_P157",25
"NRI_P157.V12",-34290.7405209296,"NRI_P157",50
"NRI_P157.V13",-139537.932574554,"NRI_P157",100
"NRI_P159.V11",-785.264977653744,"NRI_P159",25
"NRI_P159.V12",-4489.41406452784,"NRI_P159",50
"NRI_P159.V13",-17610.9086774349,"NRI_P159",100
"NRI_P160.V11",860.645478791594,"NRI_P160",25
"NRI_P160.V12",4351.98019656404,"NRI_P160",50
"NRI_P160.V13",-658.574109052606,"NRI_P160",100
"NRI_P161.V11",-35334.2418427717,"NRI_P161",25
"NRI_P161.V12",-55942.7466163168,"NRI_P161",50
"NRI_P161.V13",-116760.877654355,"NRI_P161",100
"NRI_P162.V11",-12679.9401553415,"NRI_P162",25
"NRI_P162.V12",-59281.2072614855,"NRI_P162",50
"NRI_P162.V13",-43533.7073581951,"NRI_P162",100
"NRI_P164.V11",-2595.61082770873,"NRI_P164",25
"NRI_P164.V12",35841.831441415,"NRI_P164",50
"NRI_P164.V13",48972.1119169604,"NRI_P164",100
"NRI_P166.V11",-1482.65707428596,"NRI_P166",25
"NRI_P166.V12",-2586.77543076567,"NRI_P166",50
"NRI_P166.V13",-7500.58223529276,"NRI_P166",100
"NRI_P167.V11",-12685.0200067225,"NRI_P167",25
"NRI_P167.V12",-19236.3993935986,"NRI_P167",50
"NRI_P167.V13",-47721.5187618351,"NRI_P167",100
"NRI_P168.V11",-21020.7957874992,"NRI_P168",25
"NRI_P168.V12",-28896.4358917034,"NRI_P168",50
"NRI_P168.V13",-49115.7768357226,"NRI_P168",100
"NRI_P170.V11",-19713.7552053245,"NRI_P170",25
"NRI_P170.V12",-10126.9315086555,"NRI_P170",50
"NRI_P170.V13",-12507.7706859818,"NRI_P170",100
"NRI_P171.V11",2508.2317477908,"NRI_P171",25
"NRI_P171.V12",6976.84494102142,"NRI_P171",50
"NRI_P171.V13",4537.99237987576,"NRI_P171",100
"NRI_P172.V11",-214.599925480783,"NRI_P172",25
"NRI_P172.V12",-6551.3212430423,"NRI_P172",50
"NRI_P172.V13",25770.2098397969,"NRI_P172",100
"NRI_P173.V11",-5972.04784950631,"NRI_P173",25
"NRI_P173.V12",-35847.8788328603,"NRI_P173",50
"NRI_P173.V13",-46334.9332814034,"NRI_P173",100
"NRI_P174.V11",9284.49737211154,"NRI_P174",25
"NRI_P174.V12",-10275.2920222129,"NRI_P174",50
"NRI_P174.V13",-22716.6261186514,"NRI_P174",100
"NRI_P175.V11",-20676.3678123759,"NRI_P175",25
"NRI_P175.V12",-36675.3641286749,"NRI_P175",50
"NRI_P175.V13",-74409.8416867707,"NRI_P175",100
"NRI_P176.V11",-4052.04164027094,"NRI_P176",25
"NRI_P176.V12",-22448.2828221431,"NRI_P176",50
"NRI_P176.V13",-27212.8224859675,"NRI_P176",100
"NRI_P177.V11",-203.177516293108,"NRI_P177",25
"NRI_P177.V12",1239.81937369708,"NRI_P177",50
"NRI_P177.V13",1916.0623301572,"NRI_P177",100
"NRI_P178.V11",834.870755037555,"NRI_P178",25
"NRI_P178.V12",20631.2948475971,"NRI_P178",50
"NRI_P178.V13",-5917.1420554287,"NRI_P178",100
"NRI_P179.V11",-2568.68198103225,"NRI_P179",25
"NRI_P179.V12",4966.93224956244,"NRI_P179",50
"NRI_P179.V13",-30809.6908216987,"NRI_P179",100
"NRI_P180.V11",-23190.4576311587,"NRI_P180",25
"NRI_P180.V12",-69577.3683165994,"NRI_P180",50
"NRI_P180.V13",-117936.99137412,"NRI_P180",100
"NRI_P181.V11",10084.9935673013,"NRI_P181",25
"NRI_P181.V12",5481.23088394367,"NRI_P181",50
"NRI_P181.V13",5308.44352078158,"NRI_P181",100
"NRI_P182.V11",-9721.8780628434,"NRI_P182",25
"NRI_P182.V12",-12008.8768980603,"NRI_P182",50
"NRI_P182.V13",-64998.6029490821,"NRI_P182",100
"NRI_P183.V11",-1605.92649808107,"NRI_P183",25
"NRI_P183.V12",-127671.6070814,"NRI_P183",50
"NRI_P183.V13",-190204.236751742,"NRI_P183",100
"NRI_P184.V11",-71823.607589484,"NRI_P184",25
"NRI_P184.V12",-188030.833000504,"NRI_P184",50
"NRI_P184.V13",-347618.234644456,"NRI_P184",100
"NRI_P186.V11",-1530.67053036146,"NRI_P186",25
"NRI_P186.V12",3406.12072851873,"NRI_P186",50
"NRI_P186.V13",10055.156701824,"NRI_P186",100
"NRI_P187.V11",-5508.59929338028,"NRI_P187",25
"NRI_P187.V12",-58057.3697391888,"NRI_P187",50
"NRI_P187.V13",-130179.32300005,"NRI_P187",100
"NRI_P188.V11",-27860.6543296549,"NRI_P188",25
"NRI_P188.V12",-15352.2099032881,"NRI_P188",50
"NRI_P188.V13",-40361.3223265114,"NRI_P188",100
"OLAM_P001.V11",9712.64249001082,"OLAM_P001",25
"OLAM_P001.V12",1289.52702012012,"OLAM_P001",50
"OLAM_P001.V13",6962.12841905083,"OLAM_P001",100
"OLAM_P002.V11",9650.8561310582,"OLAM_P002",25
"OLAM_P002.V12",8293.06839513336,"OLAM_P002",50
"OLAM_P002.V13",30064.6124245898,"OLAM_P002",100
"OLAM_P003.V11",-70084.0649329196,"OLAM_P003",25
"OLAM_P003.V12",35008.2305149959,"OLAM_P003",50
"OLAM_P003.V13",-46187.520229436,"OLAM_P003",100
"OLAM_P004.V11",-959.543727022479,"OLAM_P004",25
"OLAM_P004.V12",-15282.6916512751,"OLAM_P004",50
"OLAM_P004.V13",-79804.8492072265,"OLAM_P004",100
"OLAM_P005.V11",-22630.4016708797,"OLAM_P005",25
"OLAM_P005.V12",-21309.0745038438,"OLAM_P005",50
"OLAM_P005.V13",-63230.5222690165,"OLAM_P005",100
"OLAM_P006.V11",3296.79662490831,"OLAM_P006",25
"OLAM_P006.V12",-28153.7002892336,"OLAM_P006",50
"OLAM_P006.V13",-46639.3632480537,"OLAM_P006",100
"OLAM_P007.V11",-19386.2397145365,"OLAM_P007",25
"OLAM_P007.V12",-19597.7999120999,"OLAM_P007",50
"OLAM_P007.V13",-31472.4366090374,"OLAM_P007",100
"OLAM_P008.V11",-690.633623374742,"OLAM_P008",25
"OLAM_P008.V12",-93002.0238466201,"OLAM_P008",50
"OLAM_P008.V13",-97896.2574498668,"OLAM_P008",100
"OLAM_P009.V11",2072.71535565672,"OLAM_P009",25
"OLAM_P009.V12",-9438.7130252705,"OLAM_P009",50
"OLAM_P009.V13",-11318.6938802219,"OLAM_P009",100
"OLAM_P010.V11",-9745.13811735174,"OLAM_P010",25
"OLAM_P010.V12",-46749.4679789698,"OLAM_P010",50
"OLAM_P010.V13",-92144.9363700984,"OLAM_P010",100
"OLAM_P011.V11",-19166.1387571649,"OLAM_P011",25
"OLAM_P011.V12",-10497.0772724087,"OLAM_P011",50
"OLAM_P011.V13",-34450.6711292618,"OLAM_P011",100
"OLAM_P012.V11",760.186527068348,"OLAM_P012",25
"OLAM_P012.V12",-13451.7595417298,"OLAM_P012",50
"OLAM_P012.V13",-20555.3747736697,"OLAM_P012",100
"OLAM_P013.V11",-46296.3679132794,"OLAM_P013",25
"OLAM_P013.V12",-61931.4423810672,"OLAM_P013",50
"OLAM_P013.V13",-172485.440873112,"OLAM_P013",100
"OLAM_P014.V11",-5481.10525579026,"OLAM_P014",25
"OLAM_P014.V12",-13829.3466147979,"OLAM_P014",50
"OLAM_P014.V13",15694.2300558388,"OLAM_P014",100
"OLAM_P015.V11",-12304.6268449866,"OLAM_P015",25
"OLAM_P015.V12",-140013.937936735,"OLAM_P015",50
"OLAM_P015.V13",-186091.610302354,"OLAM_P015",100
"OLAM_P016.V11",-3901.2269925877,"OLAM_P016",25
"OLAM_P016.V12",-7280.26104711523,"OLAM_P016",50
"OLAM_P016.V13",-11715.3214191785,"OLAM_P016",100
"OLAM_P017.V11",-1841.86273157175,"OLAM_P017",25
"OLAM_P017.V12",-13922.2816479424,"OLAM_P017",50
"OLAM_P017.V13",-12161.2511083574,"OLAM_P017",100
"OLAM_P018.V11",-4656.25225767912,"OLAM_P018",25
"OLAM_P018.V12",-8455.90366791951,"OLAM_P018",50
"OLAM_P018.V13",-56025.7507636828,"OLAM_P018",100
"OLAM_P019.V11",3987.17828925874,"OLAM_P019",25
"OLAM_P019.V12",-77271.2073402287,"OLAM_P019",50
"OLAM_P019.V13",-80082.7050085915,"OLAM_P019",100
"OLAM_P020.V11",-18216.8969053576,"OLAM_P020",25
"OLAM_P020.V12",-129923.408336208,"OLAM_P020",50
"OLAM_P020.V13",-174184.729763737,"OLAM_P020",100
"OLAM_P021.V11",-16628.6899735638,"OLAM_P021",25
"OLAM_P021.V12",-18453.8568233026,"OLAM_P021",50
"OLAM_P021.V13",-26943.359523764,"OLAM_P021",100
"OLAM_P022.V11",-11954.6980029928,"OLAM_P022",25
"OLAM_P022.V12",-40582.1823994917,"OLAM_P022",50
"OLAM_P022.V13",-69655.4481267955,"OLAM_P022",100
"OLAM_P023.V11",-7260.07746097591,"OLAM_P023",25
"OLAM_P023.V12",-5962.37844729068,"OLAM_P023",50
"OLAM_P023.V13",-56636.6750379753,"OLAM_P023",100
"OLAM_P024.V11",-3565.27838182746,"OLAM_P024",25
"OLAM_P024.V12",234.367886139371,"OLAM_P024",50
"OLAM_P024.V13",23033.2851914249,"OLAM_P024",100
"OLAM_P025.V11",-40275.8478831421,"OLAM_P025",25
"OLAM_P025.V12",-17431.9219259695,"OLAM_P025",50
"OLAM_P025.V13",-111486.407557063,"OLAM_P025",100
"OLAM_P026.V11",-25999.4269566811,"OLAM_P026",25
"OLAM_P026.V12",-46369.9525465142,"OLAM_P026",50
"OLAM_P026.V13",-113150.834253785,"OLAM_P026",100
"OLAM_P027.V11",-8567.26435207366,"OLAM_P027",25
"OLAM_P027.V12",12787.0848749783,"OLAM_P027",50
"OLAM_P027.V13",-6430.99503409653,"OLAM_P027",100
"OLAM_P028.V11",-6406.66760471989,"OLAM_P028",25
"OLAM_P028.V12",-2791.2975300235,"OLAM_P028",50
"OLAM_P028.V13",-56673.2206605583,"OLAM_P028",100
"OLAM_P029.V11",56056.2025520672,"OLAM_P029",25
"OLAM_P029.V12",36248.3402361679,"OLAM_P029",50
"OLAM_P029.V13",83682.8222780634,"OLAM_P029",100
"OLAM_P030.V11",-3667.89116639615,"OLAM_P030",25
"OLAM_P030.V12",-4919.45632803533,"OLAM_P030",50
"OLAM_P030.V13",4050.85722098418,"OLAM_P030",100
"OLAM_P031.V11",678.275207660685,"OLAM_P031",25
"OLAM_P031.V12",66960.0776114757,"OLAM_P031",50
"OLAM_P031.V13",32922.8670154361,"OLAM_P031",100
"OLAM_P032.V11",-9239.72071885678,"OLAM_P032",25
"OLAM_P032.V12",-114991.988797683,"OLAM_P032",50
"OLAM_P032.V13",-186022.71017152,"OLAM_P032",100
"OLAM_P033.V11",-27152.1013629231,"OLAM_P033",25
"OLAM_P033.V12",2549.61111899163,"OLAM_P033",50
"OLAM_P033.V13",-27756.5863767414,"OLAM_P033",100
"OLAM_P035.V11",4046.81447039473,"OLAM_P035",25
"OLAM_P035.V12",5295.85632156972,"OLAM_P035",50
"OLAM_P035.V13",-5541.70265396337,"OLAM_P035",100
"OLAM_P036.V11",6167.56291168707,"OLAM_P036",25
"OLAM_P036.V12",10653.0206401217,"OLAM_P036",50
"OLAM_P036.V13",8572.83729654847,"OLAM_P036",100
